Code;Objectif;Thematique;Cibles;Iso27002
1.1-EI/EE;1;Recensement des SI;EI/EE;27002:2022-5.9 27002:2022-5.30
1.2-EI/EE;1;Recensement des SI;EI/EE;
1.3-EI/EE;1;Recensement des SI;EI/EE;
2.A.1-EI/EE;2;Rôles et responsabilités;EI/EE;27001:2022-5.1 27002:2022-5.4 27002:2022-5.31
2.A.2-EE;2;Rôles et responsabilités;EE;27001:2022-5.3 27002:2022-5.2 27002:2022-5.5
2.A.3-EI/EE;2;Rôles et responsabilités;EI/EE;27001:2022-5.3 27002:2022-5.2
2.B.1-EI/EE;2;Politique de sécurité des systèmes d'information;EI/EE;27001:2022-5.1 27001:2022-5.2 27002:2022-5.1
2.B.2-EI/EE;2;Politique de sécurité des systèmes d'information;EI/EE;27001:2022-5.1 27001:2022-5.2 27002:2022-5.1
2.B.3-EI/EE;2;Politique de sécurité des systèmes d'information;EI/EE;27001:2022-5.1 27001:2022-5.2 27002:2022-5.1
2.B.4-EI/EE;2;Politique de sécurité des systèmes d'information;EI/EE;27002:2022-5.1
2.B.5-EI/EE;2;Politique de sécurité des systèmes d'information;EI/EE;27002:2022-5.1
2.C.1-EI/EE;2;Gestion de la conformité;EI/EE;27002:2022-5.36
2.C.2-EI/EE;2;Gestion de la conformité;EI/EE;27002:2022-5.36
2.C.3-EI/EE;2;Gestion de la conformité;EI/EE;
3.A.1-EI/EE;3;Cartographie de l'écosystème;EI/EE;27001:2022-6.1.2 27001:2022-8.2 27002:2022-5.19 27002:2022-5.20
3.A.2-EI/EE;3;Cartographie de l'écosystème;EI/EE;
3.B.1-EI/EE;3;Sécurité numérique dans les contrats avec les prestataires et fournisseurs informatiques;EI/EE;27002:2022-5.19 27002:2022-5.20 27002:2022-5.21
3.B.2-EI/EE;3;Sécurité numérique dans les contrats avec les prestataires et fournisseurs informatiques;EI/EE;27002:2022-5.22
4.1-EI/EE;4;Sécurité des ressources humaines;EI/EE;27001:2022-7.3 27002:2022-5.10 27002:2022-6.2 27002:2022-6.3
4.2-EI/EE;4;Sécurité des ressources humaines;EI/EE;27001:2022-7.3 27002:2022-6.3
4.3-EE;4;Sécurité des ressources humaines;EE;27002:2022-6.2 27002:2022-6.6
4.4-EI/EE;4;Sécurité des ressources humaines;EI/EE;27001:2022-7.3 27002:2022-5.11 27002:2022-5.16 27002:2022-5.17 27002:2022-5.18 27002:2022-6.5
4.5-EI/EE;4;Sécurité des ressources humaines;EI/EE;27001:2022-7.2 27001:2022-7.3 27002:2022-6.3
5.A.1-EI/EE;5;Cartographie des systèmes d'information;EI/EE;27002:2022-5.9
5.B.1-EE;5;Maintien en condition opérationnelle et de sécurité;EE;27002:2022-5.37 27002:2022-8.8 27002:2022-8.9
5.B.2-EI/EE;5;Maintien en condition opérationnelle et de sécurité;EI/EE;27002:2022-8.7
5.B.3-EI/EE;5;Maintien en condition opérationnelle et de sécurité;EI/EE;27002:2022-5.7 27002:2022-8.8
5.B.4-EI/EE;5;Maintien en condition opérationnelle et de sécurité;EI/EE;27002:2022-8.8
5.B.5-EE;5;Maintien en condition opérationnelle et de sécurité;EE;27002:2022-8.8
5.B.6-EI/EE;5;Maintien en condition opérationnelle et de sécurité;EI/EE;27001:2022-6.1.2 27001:2022-6.1.3 27001:2022-8.2 27001:2022-8.3
5.B.7-EI/EE;5;Maintien en condition opérationnelle et de sécurité;EI/EE;27002:2022-8.8 27002:2022-8.19
5.B.8-EI/EE;5;Maintien en condition opérationnelle et de sécurité;EI/EE;27002:2022-8.8 27002:2022-8.19
5.B.9-EI/EE;5;Maintien en condition opérationnelle et de sécurité;EI/EE;27001:2022-6.1.2 27001:2022-6.1.3 27001:2022-8.2 27001:2022-8.3
6.1-EI/EE;6;Maîtrise des accès physiques;EI/EE;27002:2022-7.1 27002:2022-7.2 27002:2022-7.3 27002:2022-7.4 27002:2022-7.6
6.2-EE;6;Maîtrise des accès physiques;EE;27002:2022-7.1 27002:2022-7.2 27002:2022-7.3 27002:2022-7.4 27002:2022-7.6 27002:2022-7.7 27002:2022-7.8
6.3-EE;6;Maîtrise des accès physiques;EE;27002:2022-5.15 27002:2022-7.2 27002:2022-7.3 27002:2022-7.4
6.4-EI/EE;6;Maîtrise des accès physiques;EI/EE;27002:2022-7.2
7.A.1-EI/EE;7;Cloisonnement;EI/EE;27002:2022-8.20 27002:2022-8.22 27002:2022-8.27
7.A.2-EE;7;Cloisonnement;EE;27002:2022-8.22
7.A.3-EE;7;Cloisonnement;EE;27002:2022-8.20 27002:2022-8.22 27002:2022-8.27
7.A.4-EE;7;Cloisonnement;EE;27002:2022-8.20 27002:2022-8.22 27002:2022-8.27
7.A.5-EE;7;Cloisonnement;EE;27002:2022-8.20 27002:2022-8.22 27002:2022-8.27
7.A.6-EE;7;Cloisonnement;EE;27002:2022-8.20 27002:2022-8.22 27002:2022-8.27
7.A.7-EI/EE;7;Cloisonnement;EI/EE;27002:2022-8.20 27002:2022-8.21 27002:2022-8.22 27002:2022-8.27
7.A.8-EE;7;Cloisonnement;EE;27002:2022-8.20 27002:2022-8.21 27002:2022-8.22 27002:2022-8.27
7.B.1-EI/EE;7;Filtrage des communications;EI/EE;27002:2022-8.2 27002:2022-8.12 27002:2022-8.18 27002:2022-8.20 27002:2022-8.21 27002:2022-8.22 27002:2022-8.27
7.B.2-EE;7;Filtrage des communications;EE;27002:2022-8.2 27002:2022-8.12 27002:2022-8.18 27002:2022-8.20 27002:2022-8.21 27002:2022-8.27
7.B.3-EI/EE;7;Filtrage des communications;EI/EE;27002:2022-8.12 27002:2022-8.20 27002:2022-8.21 27002:2022-8.27
7.B.4-EI/EE;7;Filtrage des communications;EI/EE;27002:2022-8.12 27002:2022-8.20 27002:2022-8.21 27002:2022-8.27
7.B.5-EI/EE;7;Filtrage des communications;EI/EE;27002:2022-8.12 27002:2022-8.20 27002:2022-8.21 27002:2022-8.27
8.1-EI/EE;8;Sécurisation des accès distants;EI/EE;27002:2022-6.7 27002:2022-8.24
8.2-EI/EE;8;Sécurisation des accès distants;EI/EE;27002:2022-5.17 27002:2022-6.7 27002:2022-8.5
8.3-EE;8;Sécurisation des accès distants;EE;27002:2022-6.7 27002:2022-8.5
8.4-EE;8;Sécurisation des accès distants;EE;27001:2022-6.1.2 27001:2022-6.1.3 27001:2022-8.2 27001:2022-8.3
8.5-EE;8;Sécurisation des accès distants;EE;27002:2022-7.9 27002:2022-8.1 27002:2022-8.24
9.1-EI/EE;9;Protection contre les codes malveillants;EI/EE;27002:2022-7.9 27002:2022-8.1 27002:2022-8.3 27002:2022-8.7 27002:2022-8.20
9.2-EE;9;Protection contre les codes malveillants;EE;27002:2022-8.1 27002:2022-8.3 27002:2022-8.7 27002:2022-8.20
9.3-EI/EE;9;Protection contre les codes malveillants;EI/EE;27002:2022-5.10 27002:2022-6.2 27002:2022-6.3 27002:2022-8.7 27002:2022-8.20 27002:2022-8.21 27002:2022-8.27
9.4-EE;9;Protection contre les codes malveillants;EE;27002:2022-5.10 27002:2022-6.2 27002:2022-6.3 27002:2022-8.7 27002:2022-8.20 27002:2022-8.21 27002:2022-8.27
9.5-EI/EE;9;Protection contre les codes malveillants;EI/EE;27002:2022-5.10 27002:2022-6.2 27002:2022-6.3 27002:2022-7.10 27002:2022-8.7 27002:2022-8.21 27002:2022-8.27
9.6-EI/EE;9;Protection contre les codes malveillants;EI/EE;27002:2022-8.7
9.7-EI/EE;9;Protection contre les codes malveillants;EI/EE;27002:2022-8.7
10.A.1-EI/EE;10;Identification;EI/EE;27002:2022-5.16
10.A.2-EI/EE;10;Identification;EI/EE;27002:2022-5.16
10.A.3-EI/EE;10;Identification;EI/EE;27001:2022-6.1.2 27001:2022-6.1.3 27001:2022-8.2 27001:2022-8.3
10.A.4-EI/EE;10;Identification;EI/EE;
10.A.5-EI/EE;10;Identification;EI/EE;27002:2022-5.16
10.A.6-EI/EE;10;Identification;EI/EE;27002:2022-5.16
10.B.1-EI/EE;10;Authentification;EI/EE;27002:2022-5.17 27002:2022-8.5
10.B.2-EI/EE;10;Authentification;EI/EE;27002:2022-5.17 27002:2022-8.5
10.B.3-EI/EE;10;Authentification;EI/EE;27002:2022-5.17 27002:2022-8.5
10.B.4-EI/EE;10;Authentification;EI/EE;27002:2022-5.17 27002:2022-8.5
10.B.5-EI/EE;10;Authentification;EI/EE;27002:2022-5.17 27002:2022-8.5
10.B.6-EI/EE;10;Authentification;EI/EE;27001:2022-6.1.2 27001:2022-6.1.3 27001:2022-8.2 27001:2022-8.3
10.B.7-EE;10;Authentification;EE;27002:2022-8.5
10.C.1-EI/EE;10;Droits d'accès;EI/EE;27002:2022-5.15 27002:2022-5.18 27002:2022-8.3 27002:2022-8.18
10.C.2-EI/EE;10;Droits d'accès;EI/EE;27002:2022-5.15 27002:2022-5.18 27002:2022-8.3 27002:2022-8.18
10.C.3-EI/EE;10;Droits d'accès;EI/EE;27002:2022-5.15 27002:2022-5.18 27002:2022-8.3 27002:2022-8.18
10.C.4-EI/EE;10;Droits d'accès;EI/EE;27002:2022-5.18 27002:2022-8.18
11.A.1-EI/EE;11;Comptes d'administration;EI/EE;27002:2022-5.3 27002:2022-8.2 27002:2022-8.18
11.A.2-EI/EE;11;Comptes d'administration;EI/EE;27002:2022-5.3 27002:2022-8.2 27002:2022-8.18
11.A.3-EI/EE;11;Comptes d'administration;EI/EE;27002:2022-8.2 27002:2022-8.18
11.A.4-EE;11;Comptes d'administration;EE;27002:2022-8.2 27002:2022-8.18
11.A.5-EI/EE;11;Comptes d'administration;EI/EE;27001:2022-6.1.2 27001:2022-6.1.3 27001:2022-8.2 27001:2022-8.3
11.A.6-EE;11;Comptes d'administration;EE;27002:2022-8.2 27002:2022-8.18
11.A.7-EE;11;Comptes d'administration;EE;27002:2022-5.15 27002:2022-5.18 27002:2022-8.2
11.B.1-EI/EE;11;Sécurité des annuaires;EI/EE;
11.B.2-EE;11;Sécurité des annuaires;EE;
11.B.3-EE;11;Sécurité des annuaires;EE;
11.B.4-EE;11;Sécurité des annuaires;EE;
11.B.5-EE;11;Sécurité des annuaires;EE;
11.B.6-EE;11;Sécurité des annuaires;EE;
11.B.7-EE;11;Sécurité des annuaires;EE;
12.1-EE;12;Gestion des incidents;EE;27002:2022-5.24
12.2-EE;12;Gestion des incidents;EE;27002:2022-5.20 27002:2022-5.24 27002:2022-6.8
12.3-EI/EE;12;Gestion des incidents;EI/EE;27002:2022-5.24 27002:2022-5.25
12.4-EE;12;Gestion des incidents;EE;27002:2022-5.24 27002:2022-5.26
12.5-EE;12;Gestion des incidents;EE;27002:2022-5.24 27002:2022-5.26 27002:2022-5.27
12.6-EI/EE;12;Gestion des incidents;EI/EE;27002:2022-5.24 27002:2022-5.28
12.7-EE;12;Gestion des incidents;EE;27002:2022-5.28
13.1-EI/EE;13;Continuité et reprise d'activité;EI/EE;27002:2022-5.29 27002:2022-5.30 27002:2022-8.13
13.2-EI/EE;13;Continuité et reprise d'activité;EI/EE;27002:2022-5.29 27002:2022-5.30 27002:2022-8.13
13.3-EI/EE;13;Continuité et reprise d'activité;EI/EE;27002:2022-8.13
13.4-EE;13;Continuité et reprise d'activité;EE;27002:2022-5.30 27002:2022-8.13
13.5-EI/EE;13;Continuité et reprise d'activité;EI/EE;27002:2022-8.6
13.6-EE;13;Continuité et reprise d'activité;EE;27002:2022-5.30 27002:2022-8.7
13.7-EE;13;Continuité et reprise d'activité;EE;27002:2022-5.30
14.1-EI/EE;14;Gestion de crise;EI/EE;
14.2-EI/EE;14;Gestion de crise;EI/EE;
14.3-EI/EE;14;Gestion de crise;EI/EE;
14.4-EI/EE;14;Gestion de crise;EI/EE;27001:2022-6.1.2 27001:2022-8.2 27002:2022-5.20
14.5-EE;14;Gestion de crise;EE;
14.6-EE;14;Gestion de crise;EE;
14.7-EE;14;Gestion de crise;EE;
14.8-EE;14;Gestion de crise;EE;27002:2022-5.24 27002:2022-5.26 27002:2022-5.30
14.9-EE;14;Gestion de crise;EE;27001:2022-7.4
14.10-EE;14;Gestion de crise;EE;27002:2022-5.30
15.1-EI/EE;15;Exercices, tests et entraînements;EI/EE;27001:2022-7.2 27001:2022-7.3 27002:2022-5.2 27002:2022-6.3
15.2-EE;15;Exercices, tests et entraînements;EE;27001:2022-7.3 27002:2022-5.30 27002:2022-6.3
15.3-EE;15;Exercices, tests et entraînements;EE;27001:2022-7.3 27002:2022-5.30 27002:2022-6.3
15.4-EE;15;Exercices, tests et entraînements;EE;27001:2022-7.3 27002:2022-5.30 27002:2022-6.3
16.1-EE;16;Approche par les risques;EE;27001:2022-6.1.2 27001:2022-6.1.3 27001:2022-8.2 27001:2022-8.3 27002:2022-5.2 27002:2022-5.31
16.2-EE;16;Approche par les risques;EE;27001:2022-6.1.2 27002:2022-5.31
16.3-EE;16;Approche par les risques;EE;27001:2022-6.1.3 27001:2022-6.2 27001:2022-8.3
16.4-EE;16;Approche par les risques;EE;27001:2022-6.1.2 27001:2022-8.2
17.1-EE;17;Audits de la sécurité;EE;27001:2022-9.2.1 27001:2022-9.2.2 27002:2022-5.35 27002:2022-5.36
17.2-EE;17;Audits de la sécurité;EE;27001:2022-9.2.1 27001:2022-9.2.2 27002:2022-5.35 27002:2022-5.36
17.3-EE;17;Audits de la sécurité;EE;27001:2022-9.2 27002:2022-5.35 27002:2022-5.36 27002:2022-8.8 27002:2022-8.9
17.4-EE;17;Audits de la sécurité;EE;27001:2022-10.2 27002:2022-5.35 27002:2022-5.36
17.5-EE;17;Audits de la sécurité;EE;27001:2022-10.2 27002:2022-5.35 27002:2022-5.36
18.1-EE;18;Sécurisation de la configuration;EE;27002:2022-8.9
18.2-EE;18;Sécurisation de la configuration;EE;27001:2022-6.1.2 27001:2022-6.1.3 27001:2022-8.2 27001:2022-8.3
18.3-EE;18;Sécurisation de la configuration;EE;27002:2022-8.9
18.4-EE;18;Sécurisation de la configuration;EE;27002:2022-8.9
19.1-EE;19;Administration des SI;EE;27002:2022-8.27
19.2-EE;19;Administration des SI;EE;27002:2022-8.1 27002:2022-8.27
19.3-EE;19;Administration des SI;EE;
19.4-EE;19;Administration des SI;EE;
19.5-EE;19;Administration des SI;EE;
19.6-EE;19;Administration des SI;EE;
19.7-EE;19;Administration des SI;EE;27002:2022-8.20
19.8-EE;19;Administration des SI;EE;27002:2022-8.22
19.9-EE;19;Administration des SI;EE;27001:2022-6.1.2 27001:2022-6.1.3 27001:2022-8.2 27001:2022-8.3
19.10-EE;19;Administration des SI;EE;27002:2022-5.17 27002:2022-8.21 27002:2022-8.24
19.11-EE;19;Administration des SI;EE;27002:2022-5.17 27002:2022-8.21 27002:2022-8.24
19.12-EE;19;Administration des SI;EE;27001:2022-6.1.2 27001:2022-6.1.3 27001:2022-8.2 27001:2022-8.3
20.1-EE;20;Supervision de la sécurité;EE;27002:2022-8.16
20.2-EE;20;Supervision de la sécurité;EE;27001:2022-10.1 27002:2022-8.16
20.3-EE;20;Supervision de la sécurité;EE;27002:2022-5.19
20.4-EE;20;Supervision de la sécurité;EE;27002:2022-8.15 27002:2022-8.16
20.5-EE;20;Supervision de la sécurité;EE;27002:2022-8.15 27002:2022-8.16
20.6-EE;20;Supervision de la sécurité;EE;27002:2022-5.28 27002:2022-8.15
